{"options":{},"indexes":[{"v":2,"key":{"_id":1},"name":"_id_","ns":"stay.bookinglogs"},{"v":2,"key":{"property":1},"name":"property_1","background":true,"ns":"stay.bookinglogs"},{"v":2,"key":{"room":1},"name":"room_1","background":true,"ns":"stay.bookinglogs"},{"v":2,"key":{"slot":1},"name":"slot_1","background":true,"ns":"stay.bookinglogs"},{"v":2,"key":{"date":1},"name":"date_1","background":true,"ns":"stay.bookinglogs"},{"v":2,"key":{"property":1,"room":1,"slot":1,"date":1},"name":"idx_where1","background":true,"ns":"stay.bookinglogs"},{"v":2,"key":{"room":1,"slot":1,"date":1},"name":"room_1_slot_1_date_1","background":true,"ns":"stay.bookinglogs"}],"uuid":"80e3127d1574467eb75b18cdd97dbbab"}