{"options":{},"indexes":[{"v":2,"key":{"_id":1},"name":"_id_","ns":"stay.bookings"},{"v":2,"key":{"property":1},"name":"property_1","background":true,"ns":"stay.bookings"},{"v":2,"key":{"room":1},"name":"room_1","background":true,"ns":"stay.bookings"},{"v":2,"key":{"date":1},"name":"date_1","background":true,"ns":"stay.bookings"},{"v":2,"key":{"property":1,"room":1,"date":1},"name":"idx_where1","background":true,"ns":"stay.bookings"},{"v":2,"key":{"property":1,"room":1,"slots":1,"date":1},"name":"idx_where2","background":true,"ns":"stay.bookings"},{"v":2,"key":{"slots":1,"date":1},"name":"idx_where3","background":true,"ns":"stay.bookings"},{"v":2,"key":{"slots.slot":1,"date":1},"name":"idx_where4","background":true,"ns":"stay.bookings"}],"uuid":"1ee695361c114fd8970fd4c5265fcfa5"}