{"options":{},"indexes":[{"v":2,"key":{"_id":1},"name":"_id_","ns":"stay.rooms"},{"v":2,"key":{"number_rooms":1},"name":"number_rooms_1","ns":"stay.rooms"},{"v":2,"key":{"number_guests":1},"name":"number_guests_1","ns":"stay.rooms"},{"v":2,"key":{"property_id":1},"name":"property_id_1","background":true,"ns":"stay.rooms"},{"v":2,"key":{"room_type":1},"name":"room_type_1","background":true,"ns":"stay.rooms"},{"v":2,"key":{"room_name":1},"name":"room_name_1","background":true,"ns":"stay.rooms"},{"v":2,"key":{"bed_type":1},"name":"bed_type_1","background":true,"ns":"stay.rooms"}],"uuid":"a5641ba03bb34811971ff9da7e61762e"}